{
  "project_info": {
    "project_number": "107950619751",
    "firebase_url": "https://project-sos-4b382.firebaseio.com",
    "project_id": "project-sos-4b382",
    "storage_bucket": "project-sos-4b382.appspot.com"
  },
  "client": [
    {
      "client_info": {
        "mobilesdk_app_id": "1:107950619751:android:ca13d915a11308343b68c2",
        "android_client_info": {
          "package_name": "com.shalintha.sos"
        }
      },
      "oauth_client": [
        {
          "client_id": "107950619751-q2kt1eosq5eaaka3284fbqf7598kk7eg.apps.googleusercontent.com",
          "client_type": 3
        }
      ],
      "api_key": [
        {
          "current_key": "AIzaSyDNP5z_PIbdztuex4U9_FNAJkxFPrqrzz0"
        }
      ],
      "services": {
        "appinvite_service": {
          "other_platform_oauth_client": [
            {
              "client_id": "107950619751-q2kt1eosq5eaaka3284fbqf7598kk7eg.apps.googleusercontent.com",
              "client_type": 3
            }
          ]
        }
      }
    }
  ],
  "configuration_version": "1"
}